{"cameraMode":{"drawMode":0,"name":"Shaded","section":"Shading Mode"},"sceneLighting":true,"audioPlay":false,"sceneViewState":{"m_AlwaysRefresh":false,"showFog":true,"showSkybox":true,"showFlares":true,"showImageEffects":true,"showParticleSystems":true,"showVisualEffectGraphs":true,"m_FxEnabled":true},"in2DMode":false,"pivot":{"x":-4.290079116821289,"y":0.49558255076408389,"z":0.12675762176513673},"rotation":{"x":-0.06481374055147171,"y":-0.9148750901222229,"z":0.36362046003341677,"w":-0.16307155787944795},"size":0.6122221946716309,"orthographic":false}