{"cameraMode":{"drawMode":0,"name":"Shaded","section":"Shading Mode"},"sceneLighting":true,"audioPlay":false,"sceneViewState":{"m_AlwaysRefresh":false,"showFog":true,"showSkybox":true,"showFlares":true,"showImageEffects":true,"showParticleSystems":true,"showVisualEffectGraphs":true,"m_FxEnabled":true},"in2DMode":false,"pivot":{"x":-4.322689056396484,"y":0.8218586444854736,"z":0.37029191851615908},"rotation":{"x":0.01565789058804512,"y":-0.8654123544692993,"z":0.49989235401153567,"w":0.027298787608742715},"size":0.9865086674690247,"orthographic":true}